0,0,71.5124,197,212,213
0,137,63.9851,191,209,211
0,361,59.2101,201,215,213
159,0,48.466,193,209,204
0,251,43.8037,184,203,203
54,442,38.3615,214,224,224
83,69,36.2688,186,204,205
371,0,34.2887,198,213,213
0,475,25.7287,213,220,220
233,0,25.2443,205,218,213
313,0,23.1165,200,213,214
346,511,23.1165,231,225,180
286,153,22.4494,229,222,189
91,12,20.4693,191,208,207
342,258,19.6758,228,214,177
242,511,19.2965,192,166,101
43,296,19.1701,192,209,206
258,275,17.8008,230,217,183
317,417,17.5129,231,217,177
133,504,17.0636,147,121,68
372,449,16.8108,225,219,180
249,138,16.4315,231,219,175
89,511,16.4315,130,118,73
349,347,16.3965,223,208,171
274,0,16.235,204,216,213
313,490,15.6029,228,215,167
299,340,15.5679,223,209,169
39,207,15.4415,179,198,198
283,201,15.28,204,183,140
76,120,15.0622,177,198,200
348,404,14.325,226,213,167
130,386,13.6579,130,118,69
318,283,13.5315,224,208,174
256,214,13.2786,191,165,119
35,511,13.2786,123,114,71
329,198,13.1172,223,212,175
344,475,13.1172,231,225,185
128,52,12.7029,184,201,200
165,157,12.5765,186,156,96
61,324,12.5765,182,198,196
368,368,12.2886,214,200,154
324,389,12.2886,229,216,174
511,488,12.2886,205,217,210
266,486,12.1622,202,176,114
315,310,12.0358,222,195,155
63,392,11.9093,208,220,216
501,455,11.9093,205,216,215
239,235,11.8743,219,199,164
249,166,11.4951,228,212,166
156,307,11.46,157,134,80
316,166,10.9543,225,217,179
216,384,10.9193,173,143,88
469,421,10.7929,173,188,194
437,5,10.6665,189,203,205
244,420,10.6665,176,145,87
37,74,10.505,196,211,214
208,342,10.3786,153,129,79
388,415,10.3786,198,183,138
215,475,10.1258,162,139,84
96,420,9.96431,206,217,212
297,435,9.83789,219,194,149
353,308,9.55002,222,200,161
279,354,9.55002,230,214,174
0,441,9.55002,212,220,222
84,479,9.55002,208,218,210
146,194,9.4236,172,149,93
303,395,9.4236,223,199,154
33,484,9.4236,213,219,218
194,158,9.17076,192,167,116
324,345,9.17076,225,209,174
511,95,9.00931,205,209,172
139,159,9.00931,164,139,83
148,397,8.75647,120,111,67
505,153,8.59502,233,192,72
241,254,8.59502,230,214,180
346,371,8.59502,226,216,175
292,418,8.59502,229,210,172
363,484,8.59502,230,225,187
355,282,8.4686,228,207,166
211,191,8.34218,200,171,120
150,242,8.34218,143,125,77
348,447,8.34218,227,222,183
208,451,8.34218,151,137,90
335,22,8.21576,197,210,209
210,24,8.21576,199,213,205
274,294,8.21576,225,204,165
168,322,8.21576,156,129,78
362,387,8.21576,220,207,162
444,434,8.21576,224,225,215
107,406,7.92789,192,205,194
0,508,7.92789,209,218,213
428,24,7.80147,188,202,189
165,137,7.80147,181,151,94
172,176,7.80147,188,155,92
176,197,7.80147,190,156,97
147,212,7.80147,168,143,86
363,427,7.80147,223,213,169
59,499,7.80147,123,117,74
155,55,7.64001,174,192,188
242,115,7.64001,225,215,174
123,220,7.64001,167,139,86
69,297,7.64001,185,200,195
234,298,7.64001,212,180,131
252,304,7.64001,230,208,164
126,477,7.64001,132,116,69
487,511,7.64001,232,234,221
511,112,7.5136,197,207,184
207,127,7.5136,202,182,142
200,176,7.5136,204,171,115
342,214,7.5136,210,196,154
264,316,7.5136,218,187,145
346,323,7.5136,222,198,163
112,29,7.38718,181,200,200
391,36,7.38718,190,203,191
12,426,7.38718,215,224,224
201,375,7.0993,167,137,81
275,469,7.0993,202,172,116
499,473,7.0993,207,219,212
239,181,6.97289,223,202,153
304,208,6.97289,200,180,139
296,277,6.97289,225,214,185
500,287,6.97289,239,199,84
169,381,6.97289,166,135,61
168,208,6.84647,191,154,93
361,328,6.84647,222,200,161
253,405,6.84647,187,150,86
490,440,6.84647,203,214,212
216,68,6.68501,138,114,53
125,70,6.68501,186,202,197
487,117,6.68501,190,201,183
270,129,6.68501,229,221,185
310,192,6.68501,223,215,182
18,204,6.68501,182,201,204
281,276,6.68501,225,219,190
240,311,6.68501,221,192,147
332,317,6.68501,225,201,164
165,336,6.68501,154,126,74
98,435,6.68501,200,211,203
142,469,6.68501,153,125,67
363,470,6.68501,230,224,189
74,494,6.68501,135,122,74
314,511,6.68501,231,217,166
425,81,6.55859,167,135,53
489,148,6.55859,226,179,55
446,161,6.55859,169,126,46
342,230,6.55859,224,212,179
511,292,6.55859,231,193,81
210,399,6.55859,170,143,88
289,16,6.43217,202,213,211
259,17,6.43217,200,212,200
61,105,6.43217,185,205,211
44,228,6.43217,182,199,195
203,299,6.43217,163,137,90
92,317,6.43217,90,82,58
335,330,6.43217,224,204,166
117,372,6.43217,139,121,72
76,403,6.43217,213,224,217
322,467,6.43217,230,221,181
295,469,6.43217,224,202,152
227,491,6.43217,182,156,95
301,259,6.1443,200,180,141
340,294,6.1443,228,205,167
240,370,6.1443,178,148,98
219,408,6.1443,167,141,85
263,438,6.1443,179,148,101
240,483,6.1443,186,158,92
71,29,6.01788,183,202,201
398,229,6.01788,123,98,43
206,234,6.01788,183,150,97
375,316,6.01788,210,181,124
86,409,6.01788,213,223,217
310,468,6.01788,228,213,168
435,159,5.73001,186,141,45
471,170,5.73001,136,107,46
213,178,5.73001,208,181,127
135,184,5.73001,165,139,83
159,216,5.73001,180,151,93
288,260,5.73001,190,172,130
336,282,5.73001,227,206,168
213,326,5.73001,140,120,79
179,330,5.73001,156,131,80
394,339,5.73001,189,161,105
374,351,5.73001,218,198,153
332,373,5.73001,228,217,173
0,425,5.73001,208,217,218
252,434,5.73001,165,139,90
329,457,5.73001,230,216,175
491,497,5.73001,236,238,224
169,511,5.73001,224,170,59
220,147,5.60359,218,197,151
501,192,5.60359,106,91,44
206,203,5.60359,193,162,109
167,237,5.60359,150,127,74
12,298,5.60359,187,207,206
63,376,5.60359,207,218,215
383,377,5.60359,196,172,126
341,422,5.60359,226,208,160
353,435,5.60359,227,218,180
192,450,5.60359,90,90,64
245,43,5.47717,183,146,53
160,125,5.47717,166,143,89
230,129,5.47717,227,213,170
299,189,5.47717,215,206,174
412,210,5.47717,147,113,46
98,277,5.47717,150,126,72
511,303,5.47717,230,189,75
327,359,5.47717,224,208,167
482,430,5.47717,192,204,204
207,437,5.47717,138,128,90
117,460,5.47717,141,120,67
15,501,5.47717,209,215,208
167,53,5.1893,176,190,181
380,53,5.1893,151,126,57
451,126,5.1893,148,117,48
68,139,5.1893,185,204,208
479,152,5.1893,215,166,47
265,170,5.1893,233,218,175
184,215,5.1893,192,154,91
225,226,5.1893,203,177,134
125,235,5.1893,163,136,86
359,294,5.1893,222,199,159
61,341,5.1893,190,202,197
274,341,5.1893,226,211,173
233,379,5.1893,163,140,95
158,383,5.1893,134,119,62
350,383,5.1893,224,215,173
232,402,5.1893,174,143,85
378,427,5.1893,221,211,168
113,444,5.1893,162,135,71
157,511,5.1893,205,151,62
113,42,5.06288,184,202,203
397,81,5.06288,149,118,48
45,86,5.06288,193,209,213
179,166,5.06288,190,158,98
491,169,5.06288,175,132,49
131,193,5.06288,170,145,90
119,209,5.06288,175,141,85
55,218,5.06288,176,192,184
177,238,5.06288,146,122,77
105,256,5.06288,95,89,61
43,272,5.06288,189,209,202
266,304,5.06288,226,197,153
470,377,5.06288,107,91,41
176,389,5.06288,165,135,62
330,434,5.06288,225,208,166
89,466,5.06288,207,219,219
137,482,5.06288,145,119,65
47,497,5.06288,121,114,76
491,0,4.77501,169,159,89
285,29,4.77501,205,181,95
321,55,4.77501,233,196,74
368,62,4.77501,183,151,57
23,72,4.77501,201,215,219
511,82,4.77501,214,212,190
396,97,4.77501,133,112,54
92,109,4.77501,183,201,200
253,118,4.77501,228,217,177
511,126,4.77501,217,197,109
170,187,4.77501,195,160,95
44,188,4.77501,197,212,207
0,204,4.77501,189,208,207
8,204,4.77501,185,203,203
380,206,4.77501,121,96,42
232,220,4.77501,214,193,162
291,229,4.77501,25,24,22
198,252,4.77501,121,104,69
279,258,4.77501,180,163,125
0,298,4.77501,191,206,209
74,311,4.77501,173,188,187
310,356,4.77501,217,197,149
291,361,4.77501,229,212,173
230,365,4.77501,173,141,87
267,387,4.77501,198,139,100
260,414,4.77501,179,149,99
450,420,4.77501,230,235,225
12,448,4.77501,211,221,222
336,450,4.77501,226,217,179
510,472,4.77501,203,217,215
229,479,4.77501,178,149,87
71,481,4.77501,210,221,213
23,496,4.77501,208,216,206
264,502,4.77501,205,178,116
511,504,4.77501,194,210,202
265,511,4.77501,204,178,116
445,90,4.64859,143,115,53
54,97,4.64859,186,206,211
291,106,4.64859,69,63,39
173,123,4.64859,180,157,104
100,142,4.64859,169,138,67
150,151,4.64859,176,148,94
303,173,4.64859,229,220,180
216,202,4.64859,194,165,117
257,231,4.64859,174,146,101
326,298,4.64859,225,202,161
314,328,4.64859,213,192,155
50,400,4.64859,203,217,217
136,402,4.64859,125,116,71
397,404,4.64859,182,165,112
221,425,4.64859,103,100,76
209,426,4.64859,122,118,82
297,448,4.64859,194,165,116
480,454,4.64859,244,225,141
215,461,4.64859,153,134,85
327,476,4.64859,232,222,180
188,511,4.64859,235,198,94
291,511,4.64859,218,198,145
376,65,4.2343,173,138,56
135,67,4.2343,177,192,185
80,160,4.2343,159,140,68
127,164,4.2343,169,143,88
209,222,4.2343,188,155,103
162,254,4.2343,121,109,66
472,258,4.2343,240,206,97
485,264,4.2343,240,206,91
97,305,4.2343,106,95,61
63,308,4.2343,190,205,204
171,310,4.2343,161,133,77
326,326,4.2343,222,203,161
468,332,4.2343,157,123,56
222,369,4.2343,173,142,85
283,370,4.2343,185,128,91
296,380,4.2343,205,152,110
183,400,4.2343,155,128,65
511,428,4.2343,88,80,44
281,440,4.2343,209,172,111
110,454,4.2343,157,130,71
343,458,4.2343,229,223,187
120,487,4.2343,131,116,71
97,488,4.2343,198,207,185
249,489,4.2343,192,168,107
69,503,4.2343,126,116,71
419,8,4.10788,199,211,211
102,33,4.10788,180,199,198
480,52,4.10788,211,168,62
476,59,4.10788,207,165,59
43,61,4.10788,196,211,213
207,73,4.10788,125,105,50
341,81,4.10788,109,92,43
122,115,4.10788,150,119,60
402,117,4.10788,167,126,45
334,143,4.10788,55,49,29
97,150,4.10788,166,136,69
234,151,4.10788,230,208,165
500,212,4.10788,232,189,71
396,261,4.10788,125,105,51
494,279,4.10788,240,201,70
149,293,4.10788,161,142,87
307,296,4.10788,222,198,161
230,313,4.10788,178,142,100
361,318,4.10788,219,196,156
195,336,4.10788,162,134,83
173,347,4.10788,152,130,81
373,383,4.10788,209,189,143
82,395,4.10788,213,224,212
511,396,4.10788,128,105,47
147,409,4.10788,118,114,72
115,413,4.10788,188,200,182
227,430,4.10788,97,93,68
386,430,4.10788,218,210,167
220,448,4.10788,143,126,84
181,486,4.10788,224,178,74
294,487,4.10788,227,203,146
18,511,4.10788,155,132,84
414,18,3.82001,192,205,204
268,19,3.82001,190,207,198
274,19,3.82001,195,213,202
280,19,3.82001,199,213,202
322,25,3.82001,194,207,203
509,29,3.82001,168,135,53
252,33,3.82001,199,167,62
446,35,3.82001,147,119,47
217,38,3.82001,143,123,59
143,49,3.82001,181,198,196
372,52,3.82001,161,131,56
511,62,3.82001,168,181,175
446,69,3.82001,198,153,51
228,73,3.82001,128,105,49
403,96,3.82001,117,101,52
143,104,3.82001,138,116,56
323,108,3.82001,136,109,48
190,121,3.82001,189,169,119
421,123,3.82001,163,123,50
279,128,3.82001,228,215,183
230,137,3.82001,229,211,164
76,138,3.82001,172,192,194
200,142,3.82001,199,177,129
156,144,3.82001,179,148,93
465,147,3.82001,209,160,51
330,182,3.82001,222,211,163
56,190,3.82001,165,153,87
511,193,3.82001,91,77,34
374,194,3.82001,118,94,42
97,197,3.82001,156,126,64
265,199,3.82001,198,176,134
311,201,3.82001,221,209,172
413,202,3.82001,160,116,41
392,221,3.82001,123,97,48
104,237,3.82001,73,71,52
331,238,3.82001,223,214,184
276,239,3.82001,157,163,122
139,242,3.82001,131,115,76
466,242,3.82001,203,153,50
475,247,3.82001,233,195,80
319,248,3.82001,220,207,173
283,249,3.82001,147,115,84
433,261,3.82001,133,99,47
234,267,3.82001,230,209,162
344,280,3.82001,230,209,168
250,294,3.82001,232,214,175
445,294,3.82001,155,123,52
46,318,3.82001,191,207,204
476,337,3.82001,136,105,49
171,354,3.82001,153,127,76
205,355,3.82001,162,135,78
248,364,3.82001,185,158,105
257,374,3.82001,155,94,64
460,375,3.82001,114,97,44
285,381,3.82001,206,144,105
146,386,3.82001,121,109,64
242,407,3.82001,184,149,88
108,416,3.82001,194,205,197
141,424,3.82001,107,120,77
13,436,3.82001,217,222,221
290,447,3.82001,192,162,113
372,468,3.82001,224,218,180
211,488,3.82001,161,138,79
492,489,3.82001,239,238,229
299,503,3.82001,227,206,153
220,511,3.82001,186,155,94
463,0,3.69359,205,214,195
436,18,3.69359,194,206,198
477,22,3.69359,213,179,80
397,27,3.69359,199,210,211
420,30,3.69359,189,202,184
200,31,3.69359,188,204,196
293,33,3.69359,208,170,70
490,36,3.69359,202,159,51
291,43,3.69359,227,187,91
441,49,3.69359,161,128,47
458,56,3.69359,210,167,52
235,68,3.69359,142,114,56
405,81,3.69359,159,125,50
469,88,3.69359,228,191,74
306,95,3.69359,154,121,49
214,119,3.69359,208,187,143
504,119,3.69359,194,205,179
504,130,3.69359,218,189,89
325,145,3.69359,70,63,38
311,149,3.69359,222,211,179
258,155,3.69359,231,219,181
210,157,3.69359,209,183,133
407,162,3.69359,158,124,48
483,167,3.69359,177,132,54
511,167,3.69359,207,158,44
235,172,3.69359,226,203,145
101,189,3.69359,146,124,68
387,191,3.69359,133,106,45
301,199,3.69359,216,203,157
344,204,3.69359,208,194,147
168,227,3.69359,75,63,43
452,230,3.69359,183,139,47
159,235,3.69359,160,135,83
226,242,3.69359,212,186,135
313,252,3.69359,214,198,163
130,261,3.69359,158,135,85
147,264,3.69359,134,116,79
85,271,3.69359,151,125,65
289,271,3.69359,219,214,184
483,271,3.69359,242,209,90
176,272,3.69359,18,16,14
60,278,3.69359,137,121,67
67,283,3.69359,146,126,66
98,288,3.69359,121,111,65
257,295,3.69359,230,209,167
293,311,3.69359,220,193,152
248,320,3.69359,229,193,140
292,322,3.69359,217,194,154
76,323,3.69359,176,189,178
271,323,3.69359,179,147,110
374,327,3.69359,219,188,138
81,330,3.69359,128,118,70
280,331,3.69359,183,149,114
367,335,3.69359,222,202,158
458,335,3.69359,131,100,43
112,336,3.69359,133,116,67
221,340,3.69359,108,95,67
396,347,3.69359,187,159,107
108,348,3.69359,165,132,69
204,361,3.69359,172,141,87
327,367,3.69359,223,207,164
263,375,3.69359,171,102,76
248,377,3.69359,146,96,65
451,379,3.69359,71,64,34
309,384,3.69359,232,211,172
205,391,3.69359,169,139,83
168,396,3.69359,125,116,66
443,397,3.69359,231,193,95
270,404,3.69359,160,130,85
450,413,3.69359,227,229,219
414,418,3.69359,116,101,59
120,440,3.69359,152,130,69
255,443,3.69359,163,146,101
475,446,3.69359,241,219,124
336,461,3.69359,230,221,181
357,461,3.69359,227,223,186
302,475,3.69359,224,206,157
289,477,3.69359,222,192,135
194,480,3.69359,156,137,81
64,482,3.69359,209,218,208
58,483,3.69359,208,220,207
330,483,3.69359,228,221,180
470,485,3.69359,240,204,108
466,498,3.69359,222,186,106
50,505,3.69359,122,114,68
449,0,3.2793,189,200,200
473,1,3.2793,196,166,65
221,25,3.2793,204,215,209
313,26,3.2793,178,189,175
346,36,3.2793,169,179,178
502,36,3.2793,181,145,57
487,41,3.2793,207,164,58
174,49,3.2793,180,196,187
176,58,3.2793,120,110,55
407,59,3.2793,148,126,52
455,61,3.2793,213,172,56
224,64,3.2793,148,116,61
192,66,3.2793,133,113,50
412,66,3.2793,177,140,57
16,73,3.2793,203,216,220
121,78,3.2793,174,193,178
462,85,3.2793,201,157,59
269,89,3.2793,76,73,44
51,91,3.2793,184,204,210
478,95,3.2793,224,197,113
447,103,3.2793,173,133,51
259,104,3.2793,140,111,55
265,106,3.2793,147,118,57
478,120,3.2793,181,188,167
377,121,3.2793,144,109,51
326,127,3.2793,101,88,50
472,128,3.2793,233,201,95
155,138,3.2793,172,142,87
497,144,3.2793,229,187,66
195,146,3.2793,200,179,132
416,146,3.2793,120,100,46
144,147,3.2793,161,139,83
471,148,3.2793,206,157,53
335,152,3.2793,95,80,43
351,159,3.2793,117,96,47
262,160,3.2793,231,222,181
64,164,3.2793,151,137,78
407,174,3.2793,102,82,42
191,180,3.2793,196,166,107
58,183,3.2793,174,156,82
404,194,3.2793,154,119,45
373,200,3.2793,115,93,44
418,205,3.2793,165,120,46
93,212,3.2793,157,129,69
240,212,3.2793,213,191,151
395,212,3.2793,134,105,48
218,214,3.2793,193,164,118
311,214,3.2793,186,161,112
332,214,3.2793,212,194,152
389,216,3.2793,114,92,42
192,226,3.2793,186,150,92
355,240,3.2793,217,204,159
230,247,3.2793,223,198,150
127,251,3.2793,148,130,89
424,256,3.2793,199,153,50
467,263,3.2793,240,206,89
276,267,3.2793,222,220,190
136,277,3.2793,163,137,89
302,284,3.2793,222,207,172
280,285,3.2793,226,212,179
480,286,3.2793,242,208,96
234,288,3.2793,222,187,135
491,291,3.2793,238,193,73
424,300,3.2793,168,124,53
503,303,3.2793,223,184,73
77,305,3.2793,178,188,181
207,313,3.2793,157,132,87
300,314,3.2793,220,195,150
217,315,3.2793,139,114,76
443,318,3.2793,146,110,47
116,321,3.2793,129,118,70
145,322,3.2793,70,71,50
260,326,3.2793,192,162,124
196,329,3.2793,161,131,79
377,333,3.2793,220,189,134
432,342,3.2793,62,57,38
489,348,3.2793,105,82,38
186,350,3.2793,161,136,81
136,360,3.2793,143,125,76
236,362,3.2793,173,145,100
496,365,3.2793,162,120,48
402,368,3.2793,130,109,69
390,369,3.2793,184,166,118
210,371,3.2793,174,144,89
400,391,3.2793,172,146,91
291,400,3.2793,204,168,112
298,406,3.2793,218,189,139
173,411,3.2793,126,112,64
403,413,3.2793,67,60,38
229,414,3.2793,162,134,78
369,414,3.2793,202,188,146
114,429,3.2793,166,142,74
323,437,3.2793,227,205,160
217,439,3.2793,137,126,90
284,452,3.2793,189,150,96
305,453,3.2793,179,153,108
253,454,3.2793,149,126,82
150,464,3.2793,151,118,61
120,467,3.2793,130,116,65
460,477,3.2793,224,174,74
297,481,3.2793,227,208,154
182,493,3.2793,235,195,86
421,500,3.2793,149,116,56
185,502,3.2793,237,197,96
154,504,3.2793,193,138,63
210,505,3.2793,176,147,84
404,508,3.2793,132,109,51
435,510,3.2793,171,131,53
407,0,2.86501,194,208,210
425,6,2.86501,191,206,211
472,7,2.86501,206,168,61
208,12,2.86501,207,219,217
336,12,2.86501,198,210,210
413,23,2.86501,181,195,192
274,27,2.86501,175,149,75
278,27,2.86501,181,161,84
301,29,2.86501,205,178,99
348,29,2.86501,199,212,209
425,33,2.86501,178,194,170
306,38,2.86501,236,204,124
212,40,2.86501,149,129,64
511,41,2.86501,125,118,63
286,43,2.86501,221,178,83
503,45,2.86501,133,120,65
273,46,2.86501,202,159,56
265,50,2.86501,195,154,55
435,50,2.86501,159,127,50
334,51,2.86501,231,197,90
195,57,2.86501,137,117,53
413,57,2.86501,154,130,58
392,58,2.86501,158,135,57
146,64,2.86501,183,196,180
401,65,2.86501,151,123,55
192,82,2.86501,121,101,47
224,86,2.86501,114,97,50
288,87,2.86501,124,104,49
388,89,2.86501,124,103,54
240,90,2.86501,104,91,50
408,95,2.86501,112,99,51
285,104,2.86501,86,78,51
370,105,2.86501,193,147,56
445,111,2.86501,144,110,47
449,111,2.86501,148,116,58
296,112,2.86501,76,65,40
200,113,2.86501,172,132,56
495,119,2.86501,189,203,185
354,122,2.86501,117,94,46
371,122,2.86501,124,98,38
167,124,2.86501,172,150,93
236,124,2.86501,233,219,179
128,125,2.86501,146,116,60
408,125,2.86501,143,107,46
167,128,2.86501,179,154,98
498,133,2.86501,196,169,67
484,135,2.86501,209,173,54
81,137,2.86501,171,189,184
267,137,2.86501,231,225,190
475,138,2.86501,214,171,56
174,139,2.86501,188,159,102
437,142,2.86501,132,109,55
421,143,2.86501,117,96,46
64,153,2.86501,179,197,199
310,154,2.86501,225,218,185
179,155,2.86501,193,161,105
150,157,2.86501,175,147,91
427,157,2.86501,175,132,50
179,159,2.86501,187,157,96
183,159,2.86501,183,156,102
454,160,2.86501,186,139,51
203,166,2.86501,198,168,113
236,167,2.86501,228,208,160
464,167,2.86501,140,111,48
128,170,2.86501,173,149,92
229,171,2.86501,220,197,145
364,176,2.86501,81,68,37
317,178,2.86501,230,219,180
494,180,2.86501,127,104,52
144,182,2.86501,170,145,83
461,184,2.86501,132,102,43
478,184,2.86501,89,75,35
508,184,2.86501,127,102,44
271,185,2.86501,132,107,65
384,186,2.86501,117,97,47
263,187,2.86501,128,105,55
238,189,2.86501,220,197,143
242,189,2.86501,215,196,146
94,190,2.86501,126,109,53
267,193,2.86501,211,197,164
253,199,2.86501,193,174,133
257,199,2.86501,186,167,128
361,200,2.86501,99,78,41
176,206,2.86501,194,156,94
386,206,2.86501,123,99,48
480,206,2.86501,142,106,36
317,210,2.86501,210,193,158
138,213,2.86501,149,127,71
166,216,2.86501,187,150,84
241,217,2.86501,211,190,148
413,217,2.86501,120,93,38
359,219,2.86501,196,172,113
426,219,2.86501,199,152,53
329,220,2.86501,199,172,123
146,221,2.86501,169,142,83
150,221,2.86501,174,144,82
203,221,2.86501,185,149,94
52,225,2.86501,185,202,188
113,227,2.86501,50,51,44
120,229,2.86501,166,145,99
43,236,2.86501,181,196,198
349,236,2.86501,226,212,180
336,237,2.86501,222,215,186
62,243,2.86501,120,104,65
103,245,2.86501,92,91,65
197,245,2.86501,115,98,68
83,248,2.86501,141,116,62
163,248,2.86501,138,121,71
259,248,2.86501,158,127,91
304,248,2.86501,170,139,103
91,257,2.86501,151,124,69
377,262,2.86501,85,72,40
241,264,2.86501,234,218,187
132,266,2.86501,163,135,83
477,266,2.86501,242,208,99
125,268,2.86501,50,49,36
511,271,2.86501,136,122,70
219,275,2.86501,172,139,91
105,278,2.86501,151,129,73
366,286,2.86501,222,191,139
77,287,2.86501,162,134,73
397,288,2.86501,116,94,54
291,289,2.86501,218,203,168
245,290,2.86501,235,213,177
366,290,2.86501,218,194,141
18,293,2.86501,186,207,203
143,295,2.86501,162,141,90
195,295,2.86501,181,154,107
284,295,2.86501,225,203,170
374,295,2.86501,195,165,101
109,296,2.86501,108,100,70
286,299,2.86501,225,204,169
363,301,2.86501,217,193,152
340,302,2.86501,225,202,167
497,302,2.86501,227,182,68
186,307,2.86501,178,152,96
230,307,2.86501,184,150,110
333,308,2.86501,225,202,163
373,308,2.86501,215,184,124
255,313,2.86501,226,202,163
74,317,2.86501,178,194,191
243,319,2.86501,220,186,139
152,320,2.86501,158,129,74
178,321,2.86501,157,127,74
126,323,2.86501,81,83,57
435,323,2.86501,116,97,44
188,326,2.86501,170,137,73
392,331,2.86501,185,152,95
267,335,2.86501,221,205,175
237,336,2.86501,163,122,82
282,338,2.86501,218,206,170
450,338,2.86501,122,94,43
464,341,2.86501,110,83,42
281,342,2.86501,224,212,173
60,348,2.86501,181,197,195
61,352,2.86501,191,207,202
199,352,2.86501,159,127,78
210,355,2.86501,163,134,76
265,355,2.86501,194,162,113
239,356,2.86501,148,129,89
396,357,2.86501,180,160,113
222,360,2.86501,160,134,87
403,363,2.86501,124,106,66
82,365,2.86501,198,209,183
82,369,2.86501,198,209,184
289,370,2.86501,163,100,67
478,373,2.86501,111,91,42
76,378,2.86501,207,217,205
356,378,2.86501,221,209,169
313,379,2.86501,224,203,164
302,384,2.86501,223,190,154
380,384,2.86501,196,173,127
228,385,2.86501,172,141,91
151,386,2.86501,123,111,64
295,386,2.86501,204,155,114
261,388,2.86501,198,133,101
344,388,2.86501,226,216,178
273,389,2.86501,189,130,85
479,391,2.86501,103,92,44
483,391,2.86501,92,87,42
182,394,2.86501,166,141,78
76,395,2.86501,215,227,211
495,395,2.86501,102,92,43
88,396,2.86501,200,212,202
116,403,2.86501,194,206,194
364,403,2.86501,215,193,139
98,404,2.86501,197,209,205
508,407,2.86501,106,94,48
462,410,2.86501,164,177,181
164,413,2.86501,88,86,61
336,416,2.86501,224,210,170
348,420,2.86501,223,206,160
398,431,2.86501,88,82,39
161,432,2.86501,135,145,88
243,432,2.86501,168,144,91
181,438,2.86501,112,123,90
11,441,2.86501,217,224,223
151,441,2.86501,126,134,83
510,442,2.86501,85,83,53
314,447,2.86501,209,181,132
489,448,2.86501,200,214,213
274,452,2.86501,180,149,91
92,457,2.86501,204,216,209
352,457,2.86501,228,225,186
208,461,2.86501,150,133,83
186,462,2.86501,92,84,57
235,462,2.86501,173,145,91
462,465,2.86501,244,214,128
27,473,2.86501,217,223,219
203,473,2.86501,156,140,88
108,476,2.86501,155,133,70
485,477,2.86501,235,210,111
469,480,2.86501,239,204,100
434,481,2.86501,194,153,69
52,482,2.86501,217,223,219
44,488,2.86501,208,214,207
470,490,2.86501,237,200,111
82,492,2.86501,135,119,70
150,494,2.86501,177,133,65
366,494,2.86501,225,221,175
296,495,2.86501,227,203,147
394,498,2.86501,100,90,55
270,500,2.86501,204,184,128
8,502,2.86501,214,221,226
169,504,2.86501,225,172,64
494,504,2.86501,232,234,218
397,508,2.86501,113,97,49
422,508,2.86501,149,117,55
511,510,2.86501,184,201,194
57,511,2.86501,142,122,69
61,511,2.86501,143,127,69
65,511,2.86501,142,127,72
301,511,2.86501,224,207,156
383,511,2.86501,90,82,45
391,511,2.86501,93,80,48
415,13,2.73859,200,211,212
112,20,2.73859,185,205,206
454,20,2.73859,156,133,57
251,21,2.73859,197,206,189
297,22,2.73859,187,201,188
345,26,2.73859,196,210,210
450,26,2.73859,144,124,58
227,27,2.73859,189,206,188
79,31,2.73859,181,198,197
121,33,2.73859,187,206,205
65,35,2.73859,188,206,207
276,36,2.73859,210,170,74
372,36,2.73859,194,209,197
107,37,2.73859,178,197,197
313,37,2.73859,233,201,108
401,42,2.73859,173,169,89
380,43,2.73859,161,174,159
464,43,2.73859,201,156,49
482,45,2.73859,211,173,64
188,47,2.73859,127,119,57
148,49,2.73859,183,202,200
488,52,2.73859,224,183,73
197,53,2.73859,136,115,56
309,54,2.73859,242,204,96
315,54,2.73859,237,201,85
493,62,2.73859,220,187,104
505,64,2.73859,173,179,177
297,66,2.73859,203,160,60
511,69,2.73859,206,200,159
376,74,2.73859,177,139,53
407,74,2.73859,158,123,56
342,75,2.73859,109,90,38
500,75,2.73859,190,200,174
333,76,2.73859,112,91,50
307,77,2.73859,131,109,49
194,78,2.73859,112,94,44
323,78,2.73859,98,82,36
505,80,2.73859,213,214,192
207,86,2.73859,85,70,37
351,88,2.73859,94,82,44
416,88,2.73859,151,128,53
334,89,2.73859,205,167,56
271,94,2.73859,71,68,45
376,94,2.73859,108,92,51
150,95,2.73859,125,111,60
280,98,2.73859,69,60,34
248,101,2.73859,128,108,53
216,103,2.73859,103,79,40
465,103,2.73859,201,168,71
344,110,2.73859,204,160,59
327,112,2.73859,130,105,47
457,115,2.73859,153,119,54
391,116,2.73859,146,108,50
382,120,2.73859,143,106,34
265,122,2.73859,221,207,169
426,123,2.73859,151,114,44
350,124,2.73859,114,91,47
482,124,2.73859,185,197,180
262,125,2.73859,232,224,186
376,126,2.73859,110,90,45
350,129,2.73859,99,84,46
408,133,2.73859,147,118,52
307,135,2.73859,144,114,55
395,137,2.73859,126,103,50
380,138,2.73859,100,88,42
479,138,2.73859,213,168,52
121,142,2.73859,147,125,61
407,146,2.73859,153,120,53
112,152,2.73859,165,136,70
442,152,2.73859,192,149,46
314,154,2.73859,217,213,170
75,155,2.73859,143,133,75
92,155,2.73859,144,124,69
241,155,2.73859,228,210,174
466,158,2.73859,202,159,53
423,159,2.73859,168,130,51
230,165,2.73859,225,204,156
478,167,2.73859,159,120,50
122,168,2.73859,175,145,89
194,169,2.73859,192,161,98
391,169,2.73859,144,110,47
412,169,2.73859,161,122,43
422,169,2.73859,146,111,41
139,170,2.73859,166,140,88
395,172,2.73859,139,108,40
355,173,2.73859,76,66,39
309,176,2.73859,227,217,169
156,177,2.73859,187,152,95
329,177,2.73859,221,212,172
372,177,2.73859,97,83,43
257,179,2.73859,230,205,152
76,184,2.73859,161,170,144
292,186,2.73859,214,203,174
196,188,2.73859,205,170,114
369,188,2.73859,107,87,42
361,189,2.73859,87,74,31
365,189,2.73859,103,85,38
38,190,2.73859,204,219,218
442,194,2.73859,159,109,46
24,198,2.73859,188,202,202
242,201,2.73859,128,103,62
153,203,2.73859,178,151,97
405,206,2.73859,138,109,49
193,207,2.73859,187,155,98
364,210,2.73859,78,65,39
480,210,2.73859,150,114,49
76,212,2.73859,103,93,62
271,214,2.73859,181,153,110
443,218,2.73859,226,184,66
198,220,2.73859,186,150,92
371,221,2.73859,108,88,46
397,221,2.73859,124,98,47
72,222,2.73859,93,83,54
263,228,2.73859,151,128,88
360,228,2.73859,208,180,119
417,228,2.73859,120,93,37
511,228,2.73859,234,190,84
312,230,2.73859,200,210,173
214,236,2.73859,189,152,103
401,237,2.73859,125,98,39
299,239,2.73859,96,96,69
402,242,2.73859,129,105,48
419,242,2.73859,163,127,52
499,242,2.73859,161,118,50
248,245,2.73859,214,199,162
119,248,2.73859,59,56,44
511,248,2.73859,159,113,53
465,249,2.73859,229,179,70
481,252,2.73859,237,199,81
308,254,2.73859,199,183,149
132,255,2.73859,152,130,78
251,257,2.73859,227,218,185
157,258,2.73859,121,107,64
484,258,2.73859,236,195,86
501,258,2.73859,143,105,59
207,259,2.73859,116,92,53
138,262,2.73859,141,123,69
234,262,2.73859,231,211,171
108,263,2.73859,95,90,61
294,264,2.73859,196,177,133
390,264,2.73859,112,99,45
43,265,2.73859,175,193,177
179,267,2.73859,27,24,22
322,268,2.73859,231,221,195
228,269,2.73859,218,186,142
300,269,2.73859,225,218,184
307,272,2.73859,223,216,184
358,272,2.73859,225,205,163
72,274,2.73859,150,122,65
304,276,2.73859,230,219,180
91,280,2.73859,149,126,73
384,281,2.73859,68,62,38
289,282,2.73859,226,213,184
423,285,2.73859,182,137,49
213,286,2.73859,125,100,69
346,287,2.73859,231,212,174
373,287,2.73859,198,160,82
64,289,2.73859,191,200,188
332,289,2.73859,224,200,165
439,290,2.73859,165,129,49
164,292,2.73859,135,113,76
397,292,2.73859,103,84,43
403,295,2.73859,127,104,54
419,298,2.73859,169,126,54
144,299,2.73859,163,140,92
412,300,2.73859,131,102,49
303,301,2.73859,224,201,161
416,303,2.73859,131,104,50
106,305,2.73859,128,115,72
439,308,2.73859,162,119,46
219,309,2.73859,134,108,75
406,309,2.73859,94,85,46
278,313,2.73859,205,177,137
492,315,2.73859,183,139,54
448,318,2.73859,148,113,52
158,323,2.73859,153,125,70
87,324,2.73859,87,75,50
234,325,2.73859,172,138,92
265,325,2.73859,175,144,105
353,329,2.73859,224,205,166
448,331,2.73859,102,80,41
217,333,2.73859,131,115,73
183,336,2.73859,163,135,80
500,336,2.73859,159,123,43
504,337,2.73859,170,137,48
333,338,2.73859,223,208,175
443,343,2.73859,96,81,42
163,344,2.73859,156,135,87
183,344,2.73859,156,134,81
374,344,2.73859,219,198,150
122,345,2.73859,148,131,65
152,348,2.73859,64,67,43
313,350,2.73859,227,214,174
332,354,2.73859,228,214,179
182,355,2.73859,151,131,71
290,355,2.73859,231,216,178
61,356,2.73859,191,206,198
296,357,2.73859,227,212,170
304,360,2.73859,215,186,134
307,363,2.73859,191,167,120
339,363,2.73859,228,214,174
336,367,2.73859,228,215,173
171,369,2.73859,67,68,46
181,370,2.73859,175,143,90
511,371,2.73859,159,111,54
273,372,2.73859,217,160,120
482,372,2.73859,114,93,46
83,373,2.73859,187,200,178
225,375,2.73859,181,150,95
157,376,2.73859,149,128,61
268,376,2.73859,192,125,94
116,380,2.73859,149,129,76
290,381,2.73859,217,157,118
337,383,2.73859,231,221,179
75,386,2.73859,209,218,200
338,391,2.73859,230,221,179
225,393,2.73859,182,142,90
260,400,2.73859,170,131,79
369,400,2.73859,201,180,129
479,400,2.73859,86,76,42
225,402,2.73859,174,144,89
179,406,2.73859,144,127,68
192,406,2.73859,176,141,64
495,408,2.73859,97,82,43
467,409,2.73859,158,176,181
136,413,2.73859,128,132,88
254,413,2.73859,179,148,92
487,416,2.73859,78,77,50
365,418,2.73859,206,193,151
20,419,2.73859,217,226,223
154,424,2.73859,125,131,92
433,424,2.73859,195,152,70
451,426,2.73859,228,231,223
287,427,2.73859,222,201,160
334,427,2.73859,227,211,165
459,428,2.73859,175,179,179
372,431,2.73859,225,217,171
346,437,2.73859,221,211,174
476,437,2.73859,172,185,176
421,440,2.73859,111,98,65
457,440,2.73859,228,200,117
227,442,2.73859,147,127,86
498,442,2.73859,207,212,205
100,443,2.73859,197,211,201
303,447,2.73859,195,165,114
119,448,2.73859,146,124,63
199,456,2.73859,150,138,89
108,460,2.73859,165,138,80
480,460,2.73859,242,222,126
438,462,2.73859,139,119,65
473,465,2.73859,236,200,103
418,467,2.73859,122,129,101
131,469,2.73859,147,121,69
204,469,2.73859,153,136,85
377,469,2.73859,228,217,175
393,470,2.73859,133,146,120
264,472,2.73859,193,165,110
378,479,2.73859,209,203,162
455,482,2.73859,161,118,57
110,483,2.73859,154,127,68
492,484,2.73859,237,238,231
126,486,2.73859,129,114,70
91,488,2.73859,205,207,181
330,488,2.73859,232,225,183
483,488,2.73859,221,182,86
280,494,2.73859,207,184,135
382,494,2.73859,92,101,85
276,496,2.73859,219,189,127
110,502,2.73859,150,122,69
486,502,2.73859,236,236,230
173,505,2.73859,219,165,58
321,506,2.73859,225,217,171
381,507,2.73859,76,71,38
469,511,2.73859,210,175,85
73,0,2.3243,202,220,217
109,0,2.3243,204,216,212
413,0,2.3243,188,185,145
497,0,2.3243,182,161,67
413,4,2.3243,186,182,143
458,4,2.3243,199,206,203
411,7,2.3243,197,187,149
465,8,2.3243,171,142,53
503,8,2.3243,148,129,59
452,10,2.3243,207,212,198
470,13,2.3243,208,180,85
458,14,2.3243,181,155,71
481,19,2.3243,209,177,87
401,20,2.3243,201,211,193
70,21,2.3243,193,211,212
493,21,2.3243,158,126,54
305,24,2.3243,187,202,187
484,24,2.3243,127,107,40
498,25,2.3243,175,137,49
291,27,2.3243,196,187,130
440,29,2.3243,166,137,53
447,30,2.3243,123,104,37
237,31,2.3243,181,154,68
321,32,2.3243,176,159,105
399,32,2.3243,193,209,196
505,32,2.3243,172,138,55
281,33,2.3243,206,167,64
478,33,2.3243,123,98,52
232,34,2.3243,173,149,67
288,34,2.3243,213,171,71
463,34,2.3243,176,138,48
118,35,2.3243,179,197,197
341,35,2.3243,165,177,168
453,35,2.3243,187,149,56
248,36,2.3243,197,162,59
127,38,2.3243,185,205,205
461,38,2.3243,173,133,49
476,38,2.3243,119,96,49
123,39,2.3243,190,207,206
204,41,2.3243,144,127,57
196,42,2.3243,130,119,58
226,42,2.3243,166,134,54
320,42,2.3243,222,183,80
421,42,2.3243,145,140,55
474,42,2.3243,123,99,45
505,42,2.3243,142,128,74
262,43,2.3243,202,161,56
384,43,2.3243,163,176,158
193,44,2.3243,131,119,53
253,45,2.3243,179,139,51
240,47,2.3243,179,142,48
499,47,2.3243,139,119,54
269,48,2.3243,200,159,51
393,48,2.3243,153,144,72
511,49,2.3243,149,132,62
231,50,2.3243,170,132,53
188,51,2.3243,117,106,51
461,52,2.3243,206,163,53
494,52,2.3243,136,101,46
278,53,2.3243,195,153,61
142,54,2.3243,175,194,194
345,55,2.3243,221,190,76
47,56,2.3243,196,212,212
349,56,2.3243,212,181,71
396,56,2.3243,168,144,64
254,57,2.3243,170,133,47
437,57,2.3243,173,134,50
496,57,2.3243,200,165,80
363,59,2.3243,195,163,54
428,368,22.92,82,71,40
174,97,21.965,137,117,63
467,306,21.7472,167,128,53
415,327,19.3879,92,79,45
459,205,19.1,171,130,48
377,241,19.1,113,98,61
375,157,18.8472,107,91,44
168,454,18.5944,142,128,75
197,275,18.0536,125,108,72
408,483,18.0536,130,122,82
126,303,17.4779,126,112,64
449,273,17.3865,173,134,58
269,69,17.19,159,125,54
426,104,17.19,154,121,51
88,348,17.19,147,139,100
405,448,17.19,120,114,82
487,228,16.9722,168,123,51
426,187,16.8108,137,104,44
104,170,16.6493,94,86,56
87,230,16.2701,109,95,59
511,353,16.235,157,118,49
472,356,16.235,133,99,44
437,241,16.1436,170,123,45
413,271,16.1436,170,133,54
98,382,16.1436,166,169,138
189,423,16.1086,119,111,72
127,96,15.8558,118,104,58
137,338,15.8558,96,91,61
252,343,15.8558,160,133,98
68,258,15.4415,140,120,69
428,406,15.3151,151,119,59
444,495,15.3151,199,157,73
483,76,15.28,209,183,108
106,124,15.28,142,123,66
136,447,15.1536,136,120,66
460,394,14.7393,111,105,73
159,277,14.6479,96,92,64
508,322,14.6129,177,138,53
163,486,14.325,185,143,69
310,119,14.2336,92,79,45
71,198,14.0722,126,119,77
451,454,13.6929,209,177,99
142,121,13.6579,137,116,60
499,381,13.6579,121,98,45
391,305,13.5315,102,84,50
359,76,13.4051,151,121,50
356,102,13.2436,176,136,50
157,361,13.1172,96,93,57
229,99,12.7029,124,104,57
239,449,12.7029,140,123,79
359,45,12.5765,164,152,102
198,495,12.5765,172,147,79
321,93,12.415,161,126,52
341,171,12.3236,98,85,49
273,423,12.2886,203,170,125
147,78,11.9093,109,100,55
425,61,11.7479,170,140,54
176,296,11.7479,147,125,75
186,135,11.4951,191,166,114
221,258,11.4951,198,164,112
250,469,11.4951,175,150,95
383,105,11.46,175,137,50
349,142,11.46,95,80,43
450,142,11.46,187,146,53
372,274,11.46,154,132,82
492,101,11.3336,197,202,170
497,424,11.3336,99,92,59
277,114,11.2072,153,125,65
338,121,11.2072,124,99,47
113,195,11.2072,114,99,63
127,423,11.2072,132,123,73
244,391,11.0808,133,103,71
336,64,10.9543,185,148,53
177,254,10.9543,108,96,64
210,52,10.9193,141,118,54
230,199,10.9193,193,168,117
311,66,10.7929,175,141,58
450,177,10.6665,133,102,47
386,394,10.6665,167,145,98
87,295,10.5401,124,110,68
252,90,10.505,106,93,51
205,98,10.505,102,85,46
486,193,10.505,144,113,47
276,226,10.505,108,94,70
117,277,10.505,117,105,63
194,316,10.505,171,142,89
119,356,10.3786,150,127,71
292,56,10.1258,199,157,64
389,69,10.1258,164,132,56
295,78,10.1258,127,104,49
74,172,10.1258,142,128,73
192,389,10.1258,150,127,78
331,40,9.96431,191,161,87
458,73,9.96431,165,132,55
428,134,9.96431,152,117,49
397,183,9.96431,117,95,46
350,191,9.83789,114,97,59
229,351,9.83789,117,104,72
242,58,9.71147,168,132,58
133,141,9.71147,145,124,68
303,224,9.71147,129,119,99
137,228,9.71147,137,118,74
61,231,9.71147,104,99,67
105,326,9.71147,119,107,67
487,332,9.71147,153,118,50
191,361,9.71147,161,134,78
511,0,9.58505,158,155,100
411,46,9.58505,158,141,66
165,68,9.58505,110,105,64
278,508,9.58505,212,187,129
465,23,9.55002,183,148,55
264,32,9.55002,197,167,75
434,39,9.55002,159,136,59
391,127,9.55002,134,104,45
511,205,9.55002,138,114,47
218,296,9.55002,148,118,79
468,113,9.4236,174,148,84
398,379,9.4236,140,121,77
366,131,9.29718,98,81,43
219,166,9.29718,213,190,141
431,446,9.29718,174,180,165
457,96,9.17076,189,151,59
84,147,9.17076,141,136,96
105,213,9.17076,117,103,61
323,229,9.17076,166,152,128
270,249,9.17076,145,126,95
506,18,9.00931,182,148,63
452,46,9.00931,178,139,49
511,260,9.00931,143,106,48
280,397,9.00931,154,118,80
428,464,9.00931,150,140,96
440,79,8.88289,158,127,54
68,364,8.88289,183,186,160
424,430,8.88289,146,122,67
265,456,8.88289,151,130,93
509,238,8.75647,185,138,57
493,252,8.75647,130,97,42
315,369,8.75647,174,152,115
482,9,8.59502,175,152,72
252,188,8.59502,167,147,97
191,197,8.59502,191,158,105
394,200,8.59502,135,105,46
432,211,8.59502,186,138,47
411,236,8.59502,146,119,51
190,237,8.59502,134,112,74
118,258,8.59502,71,68,50
435,299,8.59502,178,135,50
386,356,8.59502,202,180,129
165,423,8.59502,105,100,64
102,468,8.59502,169,166,134
194,468,8.59502,127,116,72
477,498,8.59502,214,179,100
379,85,8.4686,131,108,51
262,364,8.4686,196,161,116
237,79,8.34218,138,113,47
502,175,8.34218,169,133,52
309,240,8.34218,168,153,120
294,247,8.34218,143,120,92
474,277,8.34218,242,208,92
228,279,8.34218,210,177,128
226,330,8.34218,134,109,81
182,69,8.05431,147,125,55
225,182,8.05431,212,191,144
131,206,8.05431,159,133,80
463,232,8.05431,165,119,41
108,492,8.05431,146,128,76
215,82,7.92789,106,91,46
511,139,7.92789,199,178,100
316,140,7.92789,97,83,50
122,154,7.92789,124,105,64
355,208,7.92789,147,128,86
114,240,7.92789,61,58,46
95,265,7.92789,131,112,68
295,297,7.92789,215,193,156
487,404,7.92789,96,87,46
477,473,7.92789,236,201,102
374,498,7.92789,161,158,127
401,153,7.80147,108,92,45
148,173,7.80147,174,144,87
385,325,7.80147,195,162,98
299,369,7.80147,150,118,87
467,439,7.80147,215,197,129
292,95,7.64001,119,99,48
224,118,7.64001,215,200,156
219,135,7.64001,216,197,152
162,195,7.64001,187,155,90
178,226,7.64001,122,99,70
50,243,7.64001,126,123,87
314,262,7.64001,220,205,164
496,267,7.64001,203,165,72
390,273,7.64001,94,83,44
282,321,7.64001,199,170,129
410,391,7.64001,71,65,40
404,423,7.64001,90,84,50
442,473,7.64001,199,160,78
501,510,7.64001,189,184,152
460,511,7.64001,195,157,81
312,46,7.5136,220,183,88
440,335,7.5136,102,81,42
161,405,7.5136,122,109,65
317,455,7.5136,195,176,133
385,473,7.5136,153,153,126
414,511,7.5136,137,112,56
408,30,7.38718,190,184,130
504,54,7.38718,152,132,76
402,106,7.38718,174,137,53
415,156,7.38718,156,126,56
401,251,7.38718,129,105,48
141,254,7.38718,137,121,76
451,347,7.38718,101,80,38
99,452,7.38718,185,193,174
469,50,7.0993,170,137,54
79,279,7.0993,145,120,65
382,342,7.0993,202,176,122
124,405,7.0993,163,166,140
491,129,6.97289,193,182,113
467,136,6.97289,216,177,65
208,147,6.97289,205,185,139
125,178,6.97289,170,145,92
376,184,6.97289,93,78,39
440,123,6.84647,152,118,50
470,182,6.84647,118,93,44
86,184,6.84647,87,81,52
182,185,6.84647,191,162,111
207,247,6.84647,156,128,85
282,306,6.84647,219,194,157
405,351,6.84647,92,84,56
214,362,6.84647,168,136,85
139,369,6.84647,142,123,69
275,380,6.84647,155,111,82
501,401,6.84647,111,97,46
152,432,6.84647,120,132,84
226,462,6.84647,162,139,89
181,475,6.84647,194,162,84
218,500,6.84647,176,150,92
446,19,6.68501,183,170,116
445,60,6.68501,179,138,49
337,102,6.68501,166,127,50
427,149,6.68501,131,102,44
481,176,6.68501,125,102,48
372,213,6.68501,84,71,42
508,220,6.68501,224,183,71
457,251,6.68501,201,151,50
510,279,6.68501,209,186,97
176,362,6.68501,150,126,75
480,382,6.68501,126,105,50
407,404,6.68501,76,71,41
470,454,6.68501,239,208,115
292,457,6.68501,162,134,95
284,485,6.68501,219,190,128
382,486,6.68501,129,134,111
279,90,6.55859,104,90,50
113,144,6.55859,152,125,64
278,180,6.55859,186,170,124
201,213,6.55859,188,157,104
404,218,6.55859,128,100,44
353,225,6.55859,210,190,138
255,241,6.55859,168,145,105
416,249,6.55859,139,106,42
327,445,6.55859,188,173,132
387,501,6.55859,91,85,54
111,511,6.55859,146,123,74
234,42,6.43217,172,138,53
201,65,6.43217,130,110,52
201,81,6.43217,115,95,46
290,125,6.43217,160,132,74
403,139,6.43217,138,111,48
155,227,6.43217,112,96,56
96,250,6.43217,126,114,72
140,285,6.43217,147,127,77
381,289,6.43217,98,81,49
374,406,6.43217,173,158,113
511,414,6.43217,95,82,45
210,416,6.43217,99,96,72
487,465,6.43217,216,209,152
288,497,6.43217,218,196,142
244,29,6.1443,186,168,90
299,40,6.1443,229,193,97
414,76,6.1443,161,128,54
90,204,6.1443,147,120,60
410,293,6.1443,153,114,48
311,440,6.1443,224,199,149
227,56,6.01788,154,123,54
341,91,6.01788,172,135,53
107,103,6.01788,145,134,80
414,129,6.01788,154,120,51
329,135,6.01788,73,63,38
326,154,6.01788,98,88,55
399,166,6.01788,132,106,44
58,174,6.01788,165,153,92
419,221,6.01788,152,117,43
140,269,6.01788,150,127,73
107,289,6.01788,127,114,72
148,377,6.01788,133,118,67
199,403,6.01788,94,88,57
152,417,6.01788,110,113,75
375,511,6.01788,99,97,67
490,28,5.73001,165,129,52
225,34,5.73001,145,131,67
207,113,5.73001,172,139,72
461,126,5.73001,171,143,63
147,139,5.73001,159,133,76
70,149,5.73001,175,191,184
487,159,5.73001,196,147,46
295,179,5.73001,201,191,153
264,180,5.73001,211,194,148
160,183,5.73001,187,156,96
323,215,5.73001,201,178,132
65,217,5.73001,118,118,81
218,242,5.73001,199,165,111
48,255,5.73001,137,132,89
53,273,5.73001,148,139,94
430,286,5.73001,187,144,59
370,301,5.73001,210,181,129
493,308,5.73001,210,166,61
104,312,5.73001,126,113,67
193,345,5.73001,166,138,82
180,377,5.73001,117,103,61
266,396,5.73001,158,114,82
340,432,5.73001,201,181,136
273,445,5.73001,189,157,106
234,471,5.73001,171,146,87
462,485,5.73001,209,165,76
179,509,5.73001,204,161,72
495,8,5.60359,155,141,76
279,42,5.60359,213,173,72
409,88,5.60359,142,119,54
471,99,5.60359,206,173,80
261,113,5.60359,186,152,82
475,161,5.60359,175,131,46
188,172,5.60359,192,163,109
492,207,5.60359,217,171,66
131,244,5.60359,130,113,70
192,301,5.60359,178,154,101
179,314,5.60359,169,138,86
436,314,5.60359,160,124,53
258,382,5.60359,105,70,52
173,403,5.60359,133,117,64
475,407,5.60359,108,113,94
504,439,5.60359,120,107,74
469,37,5.47717,208,169,69
342,49,5.47717,188,155,75
258,50,5.47717,181,141,51
467,62,5.47717,185,149,61
265,98,5.47717,104,89,49
251,107,5.47717,183,155,87
369,115,5.47717,176,134,45
460,155,5.47717,204,154,48
428,166,5.47717,152,113,45
358,179,5.47717,77,66,40
422,292,5.47717,163,122,49
241,326,5.47717,199,161,105
119,329,5.47717,101,97,61
155,329,5.47717,136,117,69
105,362,5.47717,145,125,75
128,368,5.47717,149,126,73
114,396,5.47717,151,151,123
198,442,5.47717,103,100,74
114,473,5.47717,144,124,69
204,511,5.47717,180,149,79
422,0,5.1893,200,207,196
407,15,5.1893,197,198,163
182,49,5.1893,142,144,95
198,119,5.1893,193,164,112
437,169,5.1893,137,105,42
306,182,5.1893,205,191,152
381,197,5.1893,110,86,41
216,229,5.1893,194,159,112
391,285,5.1893,90,77,44
176,339,5.1893,157,134,85
161,392,5.1893,126,115,65
440,422,5.1893,185,161,105
350,426,5.1893,201,185,139
307,31,5.06288,200,174,97
496,41,5.06288,199,160,63
188,58,5.06288,127,110,48
247,71,5.06288,145,116,51
505,71,5.06288,196,199,176
501,85,5.06288,209,209,180
301,102,5.06288,102,85,44
216,110,5.06288,176,144,83
480,130,5.06288,197,172,82
393,143,5.06288,106,93,46
226,154,5.06288,221,199,157
234,160,5.06288,224,206,161
458,165,5.06288,144,112,47
322,182,5.06288,223,213,177
366,196,5.06288,107,86,44
226,214,5.06288,196,173,131
265,236,5.06288,98,81,57
286,237,5.06288,93,81,51
103,299,5.06288,113,103,68
83,310,5.06288,127,129,105
446,325,5.06288,123,98,46
272,331,5.06288,123,110,89
455,368,5.06288,101,84,39
236,432,5.06288,119,107,71
109,435,5.06288,172,161,115
337,441,5.06288,198,185,151
278,457,5.06288,142,122,83
302,461,5.06288,188,167,127
465,471,5.06288,239,206,111
454,472,5.06288,202,154,68
102,481,5.06288,149,149,116
52,489,5.06288,174,172,136
176,499,5.06288,206,161,79
428,506,5.06288,179,139,65
333,82,4.77501,112,89,42
455,109,4.77501,151,118,51
449,117,4.77501,158,121,52
410,119,4.77501,166,131,55
413,139,4.77501,126,102,47
229,144,4.77501,227,207,157
183,150,4.77501,189,163,116
69,158,4.77501,150,143,87
161,173,4.77501,190,154,87
135,175,4.77501,166,142,86
51,182,4.77501,180,188,163
89,194,4.77501,131,111,63
158,207,4.77501,184,156,94
211,211,4.77501,195,165,114
382,214,4.77501,103,83,41
290,220,4.77501,154,127,100
107,226,4.77501,60,56,46
199,226,4.77501,183,150,92
224,235,4.77501,207,180,138
324,242,4.77501,220,207,174
253,251,4.77501,212,192,155
152,254,4.77501,131,114,71
49,264,4.77501,147,135,87
486,278,4.77501,238,202,86
350,294,4.77501,213,196,162
492,298,4.77501,228,183,70
339,308,4.77501,225,203,165
366,310,4.77501,215,187,140
299,321,4.77501,214,194,153
204,327,4.77501,156,129,82
156,342,4.77501,85,84,60
67,348,4.77501,152,157,131
189,374,4.77501,163,131,80
220,398,4.77501,171,137,81
263,406,4.77501,171,141,87
142,416,4.77501,112,119,78
229,421,4.77501,160,139,85
109,423,4.77501,200,206,176
215,432,4.77501,125,116,86
456,434,4.77501,179,163,109
388,462,4.77501,126,125,96
152,471,4.77501,153,121,62
373,475,4.77501,224,218,177
201,479,4.77501,157,136,83
477,484,4.77501,229,192,102
163,504,4.77501,197,146,58
475,510,4.77501,190,159,91
207,36,4.64859,138,133,85
389,53,4.64859,149,129,62
499,64,4.64859,176,171,144
324,72,4.64859,153,123,59
306,87,4.64859,131,106,45
274,99,4.64859,95,82,45
150,105,4.64859,141,120,61
359,119,4.64859,144,114,46
125,130,4.64859,144,114,55
90,135,4.64859,126,117,71
498,163,4.64859,188,142,51
385,177,4.64859,122,99,48
366,183,4.64859,87,72,40
192,219,4.64859,187,150,95
365,221,4.64859,118,100,61
333,302,4.64859,227,202,165
213,309,4.64859,142,115,71
82,319,4.64859,162,167,141
92,327,4.64859,120,103,63
455,328,4.64859,109,92,42
188,332,4.64859,157,132,80
118,340,4.64859,123,108,65
318,357,4.64859,220,199,157
396,363,4.64859,145,130,89
489,367,4.64859,159,122,48
289,387,4.64859,204,146,103
372,394,4.64859,200,179,133
457,413,4.64859,159,166,165
257,426,4.64859,180,143,91
127,464,4.64859,144,123,67
146,479,4.64859,159,121,60
486,483,4.64859,218,191,115
64,489,4.64859,148,139,92
483,35,4.2343,160,126,59
380,37,4.2343,189,201,191
375,45,4.2343,154,159,127
223,47,4.2343,160,128,55
398,50,4.2343,149,130,60
490,57,4.2343,168,138,60
144,59,4.2343,172,191,189
354,60,4.2343,195,158,55
394,89,4.2343,121,101,45
195,111,4.2343,169,132,57
181,121,4.2343,187,158,109
379,132,4.2343,110,94,47
500,138,4.2343,180,169,97
477,143,4.2343,217,168,50
437,150,4.2343,165,126,48
341,155,4.2343,112,95,51
417,167,4.2343,177,139,54
247,199,4.2343,137,116,83
190,249,4.2343,119,102,69
384,263,4.2343,93,83,44
106,268,4.2343,106,100,66
130,271,4.2343,109,96,66
130,282,4.2343,115,104,62
500,297,4.2343,226,183,68
20,301,4.2343,184,205,204
299,307,4.2343,216,191,148
223,318,4.2343,120,101,74
254,323,4.2343,225,191,146
69,338,4.2343,162,171,147
369,342,4.2343,219,201,156
452,358,4.2343,117,94,42
492,359,4.2343,179,130,49
274,366,4.2343,208,159,116
251,370,4.2343,165,125,80
306,378,4.2343,213,180,145
447,407,4.2343,174,164,118
482,414,4.2343,84,85,67
372,420,4.2343,212,199,153
224,437,4.2343,130,119,79
285,465,4.2343,209,171,111
429,477,4.2343,182,143,63
213,511,4.2343,174,149,89
425,13,4.10788,188,203,204
488,19,4.10788,139,116,51
480,28,4.10788,141,121,56
509,36,4.10788,166,139,60
490,47,4.10788,214,169,62
405,69,4.10788,162,128,56
132,77,4.10788,94,90,62
312,80,4.10788,115,96,43
451,84,4.10788,155,123,54
368,90,4.10788,113,97,49
499,114,4.10788,196,203,175
158,116,4.10788,141,120,65
404,129,4.10788,143,113,47
175,145,4.10788,188,160,100
105,150,4.10788,141,122,67
498,200,4.10788,180,146,57
366,205,4.10788,99,82,43
182,206,4.10788,190,153,91
58,210,4.10788,148,162,137
175,215,4.10788,195,155,92
438,221,4.10788,208,165,54
334,222,4.10788,206,185,146
365,261,4.10788,173,151,101
408,304,4.10788,111,93,51
426,307,4.10788,135,105,50
273,310,4.10788,217,188,148
143,315,4.10788,79,74,53
488,319,4.10788,177,137,57
321,332,4.10788,215,195,159
494,343,4.10788,121,98,42
77,372,4.10788,190,200,177
442,390,4.10788,188,144,57
92,401,4.10788,198,211,206
288,407,4.10788,189,158,111
480,441,4.10788,178,187,171
187,443,4.10788,104,116,83
188,483,4.10788,170,145,76
145,487,4.10788,162,123,64
500,499,4.10788,171,165,132
399,503,4.10788,113,100,52
305,507,4.10788,226,209,157
457,9,3.82001,203,204,163
418,24,3.82001,162,173,161
296,27,3.82001,191,183,124
232,28,3.82001,163,168,126
454,30,3.82001,157,122,40
498,30,3.82001,191,150,56
315,32,3.82001,185,159,90
419,36,3.82001,183,196,159
195,37,3.82001,171,183,144
253,39,3.82001,195,160,59
423,47,3.82001,172,144,55
197,48,3.82001,131,114,49
328,52,3.82001,230,195,88
401,57,3.82001,179,154,65
438,68,3.82001,160,122,47
193,72,3.82001,126,107,49
225,79,3.82001,127,112,50
401,89,3.82001,154,129,53
145,92,3.82001,120,109,58
145,98,3.82001,119,105,57
478,104,3.82001,178,160,94
480,110,3.82001,183,188,157
291,113,3.82001,98,83,39
155,132,3.82001,166,139,85
200,135,3.82001,193,171,117
120,137,3.82001,147,116,55
206,137,3.82001,202,179,132
489,138,3.82001,202,167,56
470,154,3.82001,210,159,46
87,159,3.82001,130,116,67
505,164,3.82001,205,156,50
356,168,3.82001,108,92,47
463,172,3.82001,137,112,49
287,178,3.82001,199,189,153
314,183,3.82001,200,186,150
191,186,3.82001,191,159,101
54,196,3.82001,147,148,99
405,200,3.82001,156,119,52
83,211,3.82001,142,117,67
420,211,3.82001,166,121,42
192,212,3.82001,191,158,100
234,212,3.82001,206,181,138
216,220,3.82001,191,160,109
166,221,3.82001,160,132,87
431,222,3.82001,187,138,45
445,223,3.82001,201,157,53
354,234,3.82001,217,203,157
294,236,3.82001,105,97,65
70,240,3.82001,145,125,75
472,241,3.82001,223,175,66
456,242,3.82001,172,125,42
161,243,3.82001,146,128,77
481,247,3.82001,196,155,69
504,249,3.82001,157,113,54
87,252,3.82001,168,135,72
465,257,3.82001,220,176,71
479,257,3.82001,233,202,98
86,258,3.82001,155,127,71
282,266,3.82001,217,209,182
238,273,3.82001,235,213,169
66,276,3.82001,127,109,60
501,277,3.82001,230,192,75
176,278,3.82001,100,94,60
239,283,3.82001,236,209,165
486,285,3.82001,242,208,81
296,286,3.82001,221,206,169
286,287,3.82001,219,202,168
240,289,3.82001,229,202,153
244,295,3.82001,232,209,169
263,295,3.82001,228,206,164
225,307,3.82001,128,106,77
249,314,3.82001,232,200,150
207,319,3.82001,146,123,76
232,320,3.82001,176,141,95
475,330,3.82001,163,127,52
75,331,3.82001,151,156,126
106,338,3.82001,130,111,62
180,349,3.82001,155,134,81
216,353,3.82001,144,120,73
242,361,3.82001,173,147,97
383,367,3.82001,202,180,131
289,375,3.82001,117,78,58
71,377,3.82001,184,189,159
342,382,3.82001,220,212,172
230,390,3.82001,171,141,97
258,393,3.82001,161,102,69
488,394,3.82001,96,86,40
399,397,3.82001,176,151,94
365,408,3.82001,189,175,126
140,409,3.82001,123,116,68
280,409,3.82001,168,144,102
500,410,3.82001,109,94,54
409,413,3.82001,94,87,55
219,417,3.82001,124,113,79
360,417,3.82001,174,160,123
482,421,3.82001,143,150,143
414,424,3.82001,120,103,57
393,428,3.82001,203,188,143
171,433,3.82001,136,129,76
285,433,3.82001,216,190,143
105,443,3.82001,173,172,144
487,453,3.82001,193,200,182
467,463,3.82001,235,202,109
264,467,3.82001,190,158,109
283,476,3.82001,221,189,127
115,481,3.82001,136,118,62
45,483,3.82001,214,221,215
429,484,3.82001,170,132,61
217,488,3.82001,173,148,91
87,492,3.82001,150,135,82
426,495,3.82001,162,127,60
10,508,3.82001,203,204,180
70,510,3.82001,135,118,71
195,510,3.82001,167,139,74
51,511,3.82001,143,123,73
455,0,3.69359,196,184,144
420,18,3.69359,172,183,175
438,24,3.69359,182,183,134
254,25,3.69359,173,162,100
319,37,3.69359,238,206,109
401,37,3.69359,194,194,139
188,42,3.69359,170,176,135
388,46,3.69359,160,157,117
322,48,3.69359,208,173,86
250,49,3.69359,165,128,50
374,58,3.69359,162,132,57
153,65,3.69359,137,140,110
189,78,3.69359,126,105,53
445,97,3.69359,160,123,54
309,102,3.69359,127,103,48
243,105,3.69359,167,136,77
329,107,3.69359,161,122,48
395,113,3.69359,177,138,55
456,120,3.69359,166,131,52
124,122,3.69359,150,121,63
498,123,3.69359,187,193,147
217,125,3.69359,217,200,166
172,130,3.69359,184,158,102
440,132,3.69359,134,101,46
385,138,3.69359,109,93,48
317,150,3.69359,193,176,126
215,153,3.69359,214,194,152
206,162,3.69359,203,178,121
151,163,3.69359,172,142,86
467,163,3.69359,152,115,42
85,165,3.69359,97,90,57
207,169,3.69359,204,174,112
490,177,3.69359,141,114,53
64,181,3.69359,148,134,78
152,183,3.69359,183,152,96
497,185,3.69359,103,89,46
201,186,3.69359,198,170,116
125,187,3.69359,170,143,82
262,193,3.69359,192,175,137
241,206,3.69359,154,133,102
313,207,3.69359,206,189,149
220,208,3.69359,195,169,125
401,209,3.69359,116,92,43
389,210,3.69359,127,101,47
296,214,3.69359,155,129,92
73,216,3.69359,95,86,55
315,219,3.69359,142,115,86
113,222,3.69359,60,53,43
410,225,3.69359,119,94,45
281,243,3.69359,130,119,89
123,245,3.69359,138,125,90
167,245,3.69359,142,123,72
107,248,3.69359,92,84,56
470,251,3.69359,233,190,78
320,254,3.69359,222,209,173
259,255,3.69359,205,190,156
166,261,3.69359,80,72,50
85,265,3.69359,143,121,62
90,275,3.69359,159,131,72
217,282,3.69359,151,120,85
72,287,3.69359,153,135,90
402,287,3.69359,125,99,49
302,290,3.69359,219,201,162
137,320,3.69359,90,89,59
306,322,3.69359,224,202,160
368,322,3.69359,211,185,139
183,323,3.69359,167,137,80
187,339,3.69359,161,133,79
233,339,3.69359,132,105,81
459,341,3.69359,114,91,45
111,342,3.69359,155,129,68
141,356,3.69359,101,97,66
335,360,3.69359,224,209,167
229,372,3.69359,174,145,91
79,382,3.69359,207,215,200
364,398,3.69359,217,198,151
511,403,3.69359,124,105,54
95,408,3.69359,207,218,210
236,409,3.69359,175,144,89
444,415,3.69359,200,183,119
456,424,3.69359,164,175,170
143,430,3.69359,109,123,77
118,434,3.69359,158,135,73
511,435,3.69359,103,96,50
387,437,3.69359,214,200,153
484,447,3.69359,181,188,166
219,455,3.69359,149,132,81
189,458,3.69359,80,81,49
203,461,3.69359,160,145,94
331,465,3.69359,228,217,175
511,465,3.69359,193,209,208
489,474,3.69359,205,194,157
462,493,3.69359,201,160,85
39,495,3.69359,147,146,109
467,504,3.69359,214,177,93
468,4,3.2793,194,169,85
452,5,3.2793,186,182,144
494,16,3.2793,151,124,54
343,30,3.2793,190,202,201
276,31,3.2793,206,173,80
474,31,3.2793,206,169,73
352,32,3.2793,185,199,195
286,38,3.2793,202,156,67
343,41,3.2793,167,148,92
480,41,3.2793,175,138,63
271,42,3.2793,215,173,68
509,45,3.2793,133,119,59
483,58,3.2793,224,184,69
230,65,3.2793,150,121,51
402,75,3.2793,161,128,55
318,77,3.2793,115,95,41
371,96,3.2793,126,102,48
98,105,3.2793,177,193,173
352,118,3.2793,154,121,52
165,119,3.2793,163,141,87
